Type,Residuals
Train,219.48660037846275
Train,-288.6886685654699
Train,-111.69433114453568
Train,218.83970493271772
Train,-278.86699982469145
Train,-250.47135177505152
Train,-161.25383859995418
Train,100.18884899611658
Train,288.16919176081865
Train,535.76187669301
Train,-13.54323778464095
Train,-140.17431741587097
Train,393.92665250358186
Train,-235.28415298343316
Train,271.11670345646235
Train,124.91734894476213
Train,2.1415702026733925
Train,9.813716364613356
Train,-345.57443596558005
Train,479.8828529350467
Train,-289.086541218237
Train,594.2098660409465
Train,90.7645822745626
Train,-112.7317493789269
Train,590.7023531388295
Train,-267.8112586987945
Train,-49.834147756937455
Train,-279.74629162510246
Train,457.56741310599045
Train,-567.1816895697593
Train,1179.9945140095406
Train,170.79336284190867
Train,-530.5205875889005
Train,515.0029589437763
Train,-532.6254099615289
Train,618.75579572467
Train,-277.11009722862036
Train,-58.265404289780236
Train,-387.09138895342767
Train,-189.67774255959648
Train,-572.0196102315413
Train,-522.869850301794
Train,-11.792665373435739
Train,-233.49748203389026
Train,597.0871335874035
Train,216.7191425616611
Train,-485.8060558848956
Train,591.6995269102008
Train,-128.3183514583834
Train,526.086424809082
Train,257.50146823124396
Train,96.39976872789339
Train,-330.50387272215994
Train,67.7847001567543
Train,-418.15797710587776
Train,-422.2241409486378
Train,126.0974182309401
Train,5.19384486947456
Train,-349.3846503700106
Train,-454.43457435149867
Train,-293.4096892971247
Train,-452.79188630685894
Train,144.12921032060513
Train,-416.55367242113516
Train,-171.25680030707372
Train,-185.1908022320531
Train,-337.07170689714076
Train,673.8374820018053
Train,488.2629262325281
Train,620.6173019822236
Train,173.8153071633642
Train,-568.734609067571
Train,-326.87987739051823
Train,-195.86701035916485
Train,524.3174813760124
Train,539.1201610505377
Train,78.1006096093497
Train,-17.710402889906618
Train,-502.40851367292635
Train,114.49628656029654
Train,-202.2814218178537
Train,-886.1533360863577
Train,615.7898670661889
Train,-336.7614924399368
Train,683.9686631705954
Train,399.4632048336298
Train,-57.987514336637105
Train,-256.2619625914722
Train,-602.6302716932878
Train,529.7635815829472
Train,474.56404886237215
Train,-513.2669453827916
Train,325.3267405817751
Train,-287.4400189213611
Train,-409.750648788473
Train,-297.4541823565751
Train,510.3909623133768
Train,-120.44356337598583
Train,-207.8586695289937
Train,-208.07253381899318
Train,-254.27003951102233
Train,4.468863422472168
Train,-198.77214313872355
Train,192.88955044215436
Train,1242.278641921639
Train,399.02340397788794
Train,-472.45673565206744
Train,501.999645011565
Train,-682.2711970493838
Train,228.0694990274169
Train,154.87868684172827
Train,-392.6234854658942
Train,-73.42760259472925
Train,372.4376223270483
Train,9.083752331873256
Train,-244.71075981220292
Train,-477.8643774736329
Train,-55.148561187834275
Train,560.4755009901855
Train,-102.8304239584877
Train,-168.79749720545078
Train,513.496086119847
Train,498.7474321828113
Train,-76.21635493160284
Train,-678.7366124583386
Train,268.52967060436094
Train,-181.49526956410136
Train,-77.49959545670208
Train,121.93370458245772
Train,-32.31716293244517
Train,371.1452606382518
Train,219.42213975606865
Train,395.34961983809626
Train,483.22725736255234
Train,241.0853886426994
Train,308.8793295047835
Train,232.60943601656072
Train,-298.0764759546528
Train,83.29361847450491
Train,-66.86246483012155
Train,-681.4130721708643
Train,377.21803745341094
Train,-227.43439878000208
Train,-282.6285297214563
Train,-295.3314754677863
Train,-37.18926372730857
Train,621.7269774873021
Train,-173.9759187198515
Train,130.57452635221853
Train,1231.7301410189139
Train,-358.5128063500724
Train,-329.5692864537341
Train,352.09685536110555
Train,41.827857893529654
Train,-161.2526928696816
Train,870.6353617202476
Train,-800.3943752236373
Train,330.5115262203326
Train,-149.71756726872627
Train,-354.3428097728647
Train,-434.4181509605696
Train,-443.00489481910336
Train,623.0211287443799
Train,79.28603684928021
Train,258.55487039311265
Train,-178.92687653301618
Train,348.70587553420046
Train,867.9736790768402
Train,-276.32087495103406
Train,-373.28816208110493
Train,356.3846542192414
Train,-595.2055550910336
Train,767.9548861662406
Train,867.4883569016383
Train,-181.0368478564942
Train,216.211533577296
Train,121.57991891770052
Train,143.63376090262318
Train,538.8494131107345
Train,477.318571928824
Train,-57.010862452074434
Train,-282.6495790191766
Train,337.6364102036532
Train,339.99763585299115
Train,283.2764054312793
Train,-330.8989922096107
Train,588.6815503809485
Train,459.8229012367374
Train,-400.4869558274986
Train,594.4341038732055
Train,-292.13056404742383
Train,-53.97293630926288
Train,-635.5717683388357
Train,-87.67171423358786
Train,183.30569655717318
Train,375.73080908273187
Train,-117.98211856623493
Train,744.8471635120623
Train,34.73107725774298
Train,-18.912014792496848
Train,183.62502808745558
Train,-279.36318391048553
Train,-380.891071830858
Train,-300.77487214331995
Train,294.6947470063369
Train,416.47982323290125
Train,241.85600742903625
Train,-355.2090617423419
Train,-660.7629352178155
Train,426.82434093117627
Train,-306.808506439399
Train,172.3579189943257
Train,-161.90234081576727
Train,-114.38560167477226
Train,159.7794997102137
Train,-1250.441136693622
Train,58.338983526060474
Train,-201.50760563773474
Train,-498.26748104322905
Train,-479.9099768217493
Train,-386.2354267550836
Train,-463.3743057400916
Train,419.5749704208429
Train,202.30913493382286
Train,-694.1527792316483
Train,-340.6565497001138
Train,32.26340926495686
Train,121.63158122465939
Train,184.7871515705574
Train,-122.36502406444197
Train,436.1336391591867
Train,-177.80982707658404
Train,-177.45686342882618
Train,-348.2586258809497
Train,119.6201756407645
Train,-209.21208471581122
Train,-553.1963998553983
Train,-359.4398878193424
Train,-170.963324843191
Train,-211.25016066128228
Train,111.92693687685824
Train,-271.45488566875065
Train,-691.4585802129841
Train,-261.39153697639995
Train,318.8605671992809
Train,-65.87263458955204
Train,-475.9250751813379
Train,28.356098048446256
Train,-709.2308326525126
Train,59.7257960856341
Train,-600.7137457931931
Train,-157.45437576666518
Train,-291.2416592503296
Train,-104.38800330236336
Train,181.55917793430126
Train,490.41767068837726
Train,-803.5168824946632
Train,313.01333000912746
Train,224.86981736578673
Train,-181.68019825736337
Train,282.61113460048546
Train,385.00468465650374
Train,-395.71024088196646
Train,-86.62007798142076
Train,559.2780415142352
Train,413.13904544193065
Train,-519.2360152090241
Train,-861.2380199612526
Train,-90.14161047087327
Train,-384.1647605500066
Train,329.0149328850821
Train,517.7785908681071
Train,-11.306275013886989
Train,200.04911835841813
Train,-14.425517787156423
Train,300.8989391117684
Train,245.99427305767313
Train,69.60403859071812
Train,783.1107738978899
Train,-232.6498339990403
Train,19.406233937826073
Train,21.133262694464065
Train,-22.157724770017012
Train,-448.17433273397273
Train,479.75257793291166
Train,684.8051863861365
Train,143.96581081108707
Train,259.10239127390014
Train,116.14505344257395
Train,-728.6553188154867
Train,72.54562258627539
Train,436.98912774491146
Train,-544.7492996276851
Train,-307.67179973075326
Train,21.557637262849312
Train,511.91411407501255
Train,294.71296750749207
Train,-391.121286282676
Train,128.88218454069647
Train,-415.10456062839876
Train,64.81480350688616
Train,-579.9297440004411
Train,807.7571943405528
Train,66.07964080517286
Train,-194.92877579886954
Train,-899.3334596824607
Train,213.90300669836142
Train,94.08173765847641
Train,517.5618526747348
Train,-147.97292759202355
Train,-109.1693263480247
Train,407.08061899020686
Train,-359.47789414752424
Train,-632.9164424428864
Train,-353.9929662248287
Train,374.77762540447384
Train,360.9488226875078
Train,316.56653868473404
Train,-153.6452682472045
Train,-369.8234764300105
Train,223.24194790366892
Train,844.5997300113704
Train,-555.2378627159815
Train,366.28828672341115
Train,336.9653741424472
Train,179.16204681366435
Train,196.06725485549032
Train,495.2675488415771
Train,154.91919806552687
Train,-357.51013032236733
Train,-359.7557682102115
Train,71.74359581409954
Train,615.2265289661464
Train,-599.4195976199835
Train,737.8703751457506
Train,935.2645324463083
Train,17.264920883279046
Train,-431.8601799825774
Train,509.19298686516413
Train,500.0349066670897
Train,-121.40058463973583
Train,-415.520964007148
Train,931.5112632823766
Train,-552.768857201434
Train,264.15270514860913
Train,-255.69578145965716
Train,390.07122599364357
Train,-415.0082896546537
Train,-306.3948695967247
Train,418.8722327805481
Train,521.480336354678
Train,-41.58888737482903
Train,181.98893794765354
Train,-481.4858719975473
Train,-12.161316429643193
Train,542.4164668014887
Train,12.639736873151378
Train,-251.80700691687525
Train,687.5691323018182
Train,-307.3000795515072
Train,99.3970488638879
Train,-398.67709281385396
Train,-551.0088244602157
Train,-130.86352577781508
Train,-273.28993191472
Train,137.76280776486237
Train,-320.24696117950225
Train,157.6947290606222
Train,249.9209739640828
Train,-420.1381781080563
Train,-297.91205225294107
Train,-1023.3536686858788
Train,152.83558711938622
Train,-921.6484194471232
Train,-178.45328925035483
Train,475.1537531338254
Train,-87.86192847546772
Train,204.68601960641172
Train,-377.10199445271974
Train,605.6811713052666
Train,142.0843015565406
Train,-840.2424576511912
Train,-743.8788768614868
Train,503.16203247711746
Train,-630.7053473345732
Train,-601.0544288548226
Train,483.4588560494103
Train,283.0126059218328
Train,-160.73517113376147
Train,233.6908072517699
Train,-113.95942974990248
Train,569.3559822622738
Train,164.18214449184734
Train,-94.63068447602564
Train,365.06152292890147
Train,-392.70565579434697
Train,850.3197323749482
Train,307.5124866586766
Train,89.32929686269745
Train,621.6966696017316
Train,271.00271044150213
Train,240.6190771941474
Train,-552.9740557559271
Train,684.9609145824325
Train,-568.5145172285975
Train,-115.3959848030172
Train,-256.2455216670478
Train,8.98003552607588
Train,146.16106737656446
Train,334.99441319732796
Train,-269.7839906358313
Train,544.7540796360263
Train,-327.2320947913886
Train,-2.8250132365483296
Train,-210.57896789973893
Train,330.73146502558484
Train,-601.5152735847432
Train,-165.66725380118078
Train,386.94566037880395
Train,275.8306087129313
Train,-48.69518765966859
Train,-429.4854003541859
Train,185.99771823666015
Train,414.48994312443756
Train,-579.6528470675566
Train,-371.26381153672264
Train,-59.04253331421933
Train,-304.8484885745602
Train,-40.13731397085576
Train,499.8421689336028
Train,-156.05344634816902
Train,800.3242419772905
Train,-375.8438491461711
Train,-940.4693020685227
Train,415.64368368451323
Train,-62.220918057268136
Train,-262.35093234058513
Train,-522.6364072200231
Train,-474.85399707401666
Train,-582.1639741371364
Train,-562.6123879250663
Train,20.38764802327205
Train,468.2815865187222
Train,-586.4504229768927
Train,223.88394671178776
Train,-110.73506009838093
Train,-228.63614190999215
Train,-227.58133047282536
Train,-261.11462184201264
Train,133.30092679026347
Train,265.84141601534793
Train,-462.2976203921462
Train,-280.58044460842666
Train,372.2687933535926
Train,-141.39983572606434
Train,18.400454598642682
Train,579.3670849867303
Train,-662.0612301820984
Train,-524.3529014529267
Train,-15.092375134685426
Train,-313.0907655582014
Train,56.0111527118288
Train,391.20834070520505
Train,143.8876175089208
Train,-393.2340630935978
Train,-170.41107191916035
Train,185.80177622113752
Train,360.29617081802644
Train,-243.46583030634065
Train,-395.82374966586576
Train,50.28882451561731
Train,115.59941983053977
Train,392.239169133818
Train,0.7483842202618689
Train,-94.21311801228876
Train,270.4267292848199
Train,71.28522751054334
Train,-89.5389151264535
Train,-230.82329355140337
Train,263.3153488044627
Train,211.2050066041129
Train,-455.15384641504534
Train,196.5582170306643
Train,246.20387755740285
Train,-225.98937977504283
Train,-144.05516556302246
Train,260.7190982943757
Train,255.12715272130208
Train,212.73082780478762
Train,27.353706181967937
Train,-181.42341494513312
Train,-60.06857233244136
Train,-236.33812644717364
Train,173.28479617784433
Train,519.8354085899555
Train,305.27350542046406
Train,-384.349635452294
Train,489.2349445336622
Train,-361.62794398166443
Train,244.71045069103639
Train,127.0635203955917
Train,-201.74227039131802
Train,-429.5062761683366
Train,-291.2006745829949
Train,-96.89199717879274
Train,-71.92055577674091
Train,58.01914889292493
Train,-334.31645337407554
Train,470.5126307405444
Train,527.1380473227355
Train,-534.294159412515
Train,-194.62706036058262
Train,189.6167799983159
Train,598.4929945545555
Train,-599.6518351008235
Train,-182.87930439798856
Train,186.5967315516973
Train,-300.03940697232974
Train,-399.08020883170593
Train,217.25800554594025
Train,-49.20571464459135
Train,-352.92012865975266
Train,1005.9551257455169
Train,-879.5021456652357
Train,48.45084911589856
Train,-420.5956009507445
Train,82.10659006434798
Train,93.89920655324295
Train,250.92590351285253
Train,-265.9727094178743
Train,-271.51154441695326
Train,441.0459746826982
Train,-271.28880423500595
Train,-17.70677833447553
Train,-116.4564499504495
Train,-65.23922105698148
Train,-311.1727699319881
Train,-27.159851407046517
Train,596.8863212903307
Train,-511.19049166421973
Train,-17.669891768933667
Train,317.3668559632588
Train,438.3026195844377
Train,-52.98595739002667
Train,312.2210306973616
Train,-172.15201293658174
Train,117.12994818201696
Train,-163.93795763123399
Train,-349.1632450411216
Train,711.2694106395065
Train,620.0804632859345
Train,-220.20906155942066
Train,-289.60578480214554
Train,30.05775826534955
Train,-170.1762813958021
Train,158.2087568978477
Train,-350.02147870407407
Train,-231.49285747937756
Train,-308.9126758134262
Train,-587.4378972093582
Train,-423.2232186357123
Train,594.6372329264632
Train,51.45071715067024
Train,-342.54980494747815
Train,-216.38069496364733
Train,-193.5485331007203
Train,305.4047915417955
Train,279.7639094336555
Train,-21.761404536360715
Train,-149.02364172549278
Train,-111.56462892164018
Train,383.145891851178
Train,24.215291715449894
Train,-266.4899034709888
Train,-614.290161457775
Train,-273.461171316485
Train,-399.72116809603676
Train,420.20276118605034
Train,-461.38485064568886
Train,-308.2368791523186
Train,-239.9195381648051
Train,-288.77423244167403
Train,-39.70251375598309
Train,-137.42301475767
Train,320.363828305286
Train,400.59761368975705
Train,735.1898168317603
Train,354.4965476997222
Train,309.32350525283255
Train,-309.9838485363325
Train,-571.0494331412519
Train,-319.58097540868766
Train,238.84945440515366
Train,165.3427652321334
Train,-431.45524018249944
Train,56.05661242830956
Train,211.58653011150545
Train,374.4755214470206
Train,-246.65206471591955
Train,-143.58801652515194
Train,37.677124765550616
Train,-37.55658297761693
Train,74.93190542036245
Train,274.76150001801534
Train,150.41065364528004
Train,532.889475949647
Train,-49.22396573298647
Train,-774.3814874799173
Train,-343.41069923896794
Train,470.27875702600613
Train,61.80687706333629
Train,430.06120025809287
Train,-401.6697223314686
Train,-400.74457139767947
Train,-268.6008787419323
Train,-906.8112738279269
Train,367.8169774555463
Train,393.69932973355935
Train,-274.4339637793073
Train,166.88382657394322
Train,-139.22350087106224
Train,8.284099722774044
Train,357.9384718295114
Train,-395.5709465664786
Train,-584.0821629920028
Train,-84.8466853868922
Train,179.75063678449078
Train,-24.235181677253422
Train,429.02787093748884
Train,151.9846627414572
Train,132.47607972699552
Train,692.3620648519372
Train,-660.210918615765
Train,370.19685027784
Train,397.3220961987363
Train,-331.19052339645714
Train,-381.82838623476346
Train,175.9806558491
Train,-160.74405923903305
Train,-368.0920190946308
Train,-376.14114190535474
Train,-505.7706388626357
Train,594.2445915260578
Train,301.98557728452033
Train,-419.48758673878183
Train,196.2034347951094
Train,-754.8664682086746
Train,375.86697816891865
Train,-529.6973416995279
Train,229.77627114673305
Train,-364.1843355863248
Train,548.9745930912577
Train,271.54813864120297
Train,-321.81782566440233
Train,445.87456522247703
Train,79.46426767316098
Train,-334.94197633775457
Train,181.34385023067898
Train,266.0451718434997
Train,235.87429529544897
Train,-181.36354635481894
Train,163.7978503807335
Train,-589.3589809611403
Train,-489.64791036505267
Train,-64.48837628632191
Train,346.24199865790797
Train,-387.8501801535713
Train,211.54217056483503
Train,168.8227904021769
Train,-232.5446066778095
Train,-736.3088024537938
Train,-150.9251717244606
Train,156.63610367071487
Train,340.21208364480117
Train,-88.70408964876697
Train,-44.2782145217825
Train,182.41603105763807
Train,529.1657847123752
Train,488.42646887889714
Train,-48.77810455319013
Train,188.38953832917468
Train,-523.3887082126603
Train,858.2632507592953
Train,105.19774219981628
Train,77.70902680929339
Train,392.83243979503095
Train,-471.504450141083
Train,-68.5000596695827
Train,-1.987766375681531
Train,7.746663828707824
Train,-128.87081589464924
Train,166.8850064132239
Train,-58.84783290145515
Train,-125.99986865490428
Train,884.8017301448999
Train,93.86231608086655
Train,-41.10440189959263
Train,232.75325086575685
Train,-374.37811624640926
Train,-507.6775523618053
Train,824.839885653284
Train,-617.0991243022727
Train,-171.39831800650154
Train,647.903362684814
Train,-231.77627259089513
Train,-320.92403034140443
Train,-675.5010109701798
Train,724.8232661732691
Train,-1623.4141502840685
Train,96.76088078209614
Train,307.66921046774587
Train,-210.33414033371446
Train,-125.24587795542084
Train,283.35842969655823
Train,-517.2142800388465
Train,386.60131539972645
Train,491.2972291014703
Train,-339.72358850690216
Train,22.612903408694365
Train,-158.56276551446717
Train,-407.38666942409145
Train,361.15175932937746
Train,144.02700905720485
Train,-356.1682370143317
Train,-246.66669252732618
Train,561.3173795057228
Train,207.72588561779867
Train,-662.5748737531067
Train,-98.81514313530079
Train,392.63072245251715
Train,-2.3310485182828415
Train,-148.19794493722657
Train,440.14009422863546
Train,928.5914497455378
Train,-225.83100068230488
Train,-19.21639923499606
Train,-202.6095795840356
Train,342.69676723660814
Train,84.65515396020282
Train,224.15331005936923
Train,305.5915676304685
Train,-273.05399381838424
Train,129.78419101402324
Train,658.1574955598408
Train,390.59667490491665
Train,305.2115194865082
Train,360.0645208219048
Train,-659.373328044021
Train,-373.59588928688845
Train,-580.2900002202405
Train,228.15195611464333
Train,-462.247747411855
Train,-498.4009601219477
Train,-317.42030956489725
Train,-909.6924630202775
Train,-158.23744271598662
Train,-856.214548106298
Train,373.2716913296863
Train,89.47696155492122
Train,-433.26619783803835
Train,-108.6949187301434
Train,-771.7463790532929
Train,350.3670305928272
Train,208.82710670874803
Train,-90.64209851504256
Train,-250.310672574622
Train,-430.30310621361787
Train,433.46891652270733
Train,-544.922135050102
Train,-18.553233262766298
Train,-351.0448695138075
Train,223.1126736204751
Train,436.7619579663515
Train,259.3721001277954
Train,-171.8827247082845
Train,142.6050730510069
Train,247.28796474749743
Train,670.1696916040473
Train,-421.29354608220274
Train,-33.90868028596742
Train,-764.2583652821995
Train,197.48956420082413
Train,478.4328903435962
Train,528.4844761266904
Train,33.66183368354541
Train,253.62195644382427
Train,653.5522816946177
Train,-294.22538637248726
Train,24.727740229371193
Train,-365.9476266103775
Train,-1065.981986609866
Train,193.3770832672517
Train,-394.8786141246037
Train,-314.70129595534127
Train,345.73222947995964
Train,417.35559968081725
Train,-178.5103147854843
Train,309.5467561312762
Train,-1028.2717942092495
Train,-179.27148086020588
Train,35.81233307782895
Train,-165.3906511317191
Train,118.14417520843563
Train,-473.7915512885702
Train,-389.77451620471584
Train,111.83453243830081
Train,-254.67967179531843
Train,235.47778682898206
Train,337.6838084265146
Train,66.72622734041215
Train,342.5800978205734
Train,576.2116442468578
Train,463.6453068199153
Train,364.06742877789657
Train,280.56314595177173
Train,87.84546187466913
Train,425.19372428476527
Train,-68.57191500263616
Train,-85.13372576691472
Train,73.91107169216775
Train,767.5331372416003
Train,505.4336271091197
Train,-405.1996441407391
Train,-551.1650557043831
Train,-344.17900521558477
Train,284.6163936125449
Train,424.1520280706609
Train,179.5372857839302
Train,-352.2801168803453
Train,-48.32210558198494
Train,-211.60691282611515
Train,93.62273963304142
Train,-463.2824875760434
Train,-375.68413892970057
Train,-374.4943944054776
Train,-332.15002458660456
Train,188.83596200879765
Train,1346.9234907950377
Train,358.8111808947797
Train,-181.97280814992519
Train,-422.60599894609186
Train,106.67842896648654
Train,119.6070667305612
Train,860.1483733123532
Train,645.660154131263
Train,-244.64529882080024
Train,865.6100861661325
Train,305.72481702570985
Train,4.1874334110289055
Train,300.6543253763339
Train,523.2068199214336
Train,805.7808507767513
Train,276.9633681041996
Train,-566.8170286680433
Train,74.57221078962175
Train,141.87366936612943
Train,-566.0472607203428
Train,183.11379437978394
Train,-592.8559554588755
Train,17.49913886872673
Train,-247.97157371899402
Train,224.20330449243102
Train,-512.8747342792485
Train,407.63106550949306
Train,332.1468900164364
Train,-477.2686435209016
Train,626.3689977272443
Train,-32.61816043676845
Train,136.59928893069082
Train,-635.402388989547
Train,-233.85368948027917
Train,-321.6488161723719
Train,792.6077796014215
Train,338.08056323099663
Train,-275.17272651233816
Train,29.910903549529394
Train,-514.5049191531652
Train,124.97910928872443
Train,-158.23206420687984
Train,-270.0757574647878
Train,86.4488893528578
Train,270.1589454710702
Train,367.2336475621669
Train,157.73778990192295
Train,-68.12273880003977
Train,430.76645556998847
Train,-336.00456443924486
Train,-591.3626443290173
Train,431.2062189832395
Train,335.85263403015415
Train,-329.9615051643086
Train,29.417484155910643
Train,-134.8494213363483
Train,212.08412046275043
Train,-292.93205129056514
Train,580.2822191767409
Train,-148.04531859782037
Train,-768.6552306948543
Train,284.1441988975894
Train,-566.4244288477275
Train,-310.4541355750589
Train,66.89695912483148
Train,393.5427699500442
Train,522.7456050834171
Train,380.2268503054829
Train,373.8265951069725
Train,37.40351962803288
Train,-442.66262219336204
Train,404.02149885553445
Train,209.63846508347706
Train,61.5179647074674
Train,113.7751989709941
Train,74.70121775178268
Train,-472.3763578308035
Train,-80.27442975737904
Train,-51.483926087974396
Train,72.71561968742935
Train,-178.45288168930438
Train,-154.76841201687785
Train,581.2403672047476
Train,-74.89240107942715
Train,-300.88524016150586
Train,-155.5724480327449
Train,-188.5511795034954
Train,-24.26868272320189
Train,18.065074611806267
Train,289.3375488808015
Train,-450.9823041531163
Train,-300.8172691836153
Train,-345.6233546306894
Train,-31.449693736230984
Train,-258.7208706717938
Train,213.34797154801709
Train,-335.83854174408043
Train,757.9735399676501
Train,-319.5509014557556
Train,412.75168448817203
Train,611.7028704859877
Train,237.88623102491692
Train,212.93112891926648
Train,-300.3419570632868
Train,-306.29141257183437
Train,49.074505998854875
Train,556.0688194245886
Train,-189.7904568357162
Train,-73.48561176100702
Train,-345.78648730378336
Train,299.27690943853304
Train,114.56716934099313
Train,-506.2607605016274
Train,551.1462534840557
Train,-20.734752018042855
Train,162.40472957032398
Train,515.8733599914449
Train,-353.4243526216451
Train,582.2600613337709
Train,-118.88987664691012
Train,672.5030943980419
Train,-408.5436231264648
Train,-153.98359976671327
Train,-134.6674263043842
Train,203.54407608977635
Train,-4.850007074152018
Train,-231.15112438483993
Train,100.42345523802396
Train,73.2165245862343
Train,995.2381608245778
Train,172.12441994109486
Train,-542.6094816263922
Train,607.1436472099958
Train,-9.019842789166432
Train,-334.75232003850306
Train,564.2505888017513
Train,356.86951233140053
Train,-279.3036088458148
Train,-159.9514921553564
Train,-398.0981283934161
Train,362.3073492626045
Train,282.13315520654214
Train,230.2819145876565
Train,-120.87025141621052
Train,148.62986243504565
Train,245.423903056957
Train,-262.42176457395817
Train,276.32815834916255
Train,-314.95109724946633
Train,-137.41020976428626
Train,-86.2668151566686
Train,-553.5119683493176
Train,-12.619770953588159
Train,420.7530502272275
Train,-61.45311549731559
Train,127.95190985888621
Train,197.16928527652635
Train,-273.32268604561614
Train,336.5272442259884
Train,394.51662067571306
Train,-65.77147381914256
Train,361.67213645174843
Train,138.81163509126236
Train,-743.6521683172687
Train,-70.36597913447076
Train,-23.152980534674498
Train,-290.26780155926826
Train,-163.94263430178262
Train,494.7498888910395
Train,42.03632965616998
Train,337.5202932106331
Train,60.68733667908964
Train,-634.9706709665079
Train,-189.32469298557407
Train,-541.4965615249239
Train,356.794777855157
Train,482.1034596995778
Train,264.08771754307963
Train,-276.673101830047
Train,369.81371054975534
Train,406.2223935107213
Train,31.932578392155847
Train,532.9584495352465
Train,-250.2030427734262
Train,-192.5522020707649
Train,-398.6105023489872
Train,-75.1644713529281
Train,-62.793489489968124
Train,184.42383859073016
Train,156.40805282616702
Train,-365.91046366894443
Train,-20.377018527033215
Train,150.17429458294828
Train,-134.55294746787877
Train,235.59605652276696
Train,81.51591548253145
Train,463.16264211216185
Train,128.23928424267797
Train,12.032631743004458
Train,-773.4448997627078
Train,419.0330610492447
Train,296.57683828012523
Train,38.93205586939621
Train,647.0301498332628
Train,546.810402901192
Train,-89.14572754270193
Train,-198.69283418891973
Train,583.0918780785323
Train,109.47739644191279
Train,215.71738422464114
Train,281.46585027101537
Train,126.22431769797095
Train,634.7907584509448
Train,-128.26315818344483
Train,-515.8968301439527
Train,15.303240027080392
Train,295.5338628147929
Train,447.7243271376901
Train,-108.42951576859377
Train,144.75568174865293
Train,65.9791518056154
Train,-1.7829028726337128
Train,267.3085359875986
Train,228.2246219267945
Train,278.72019603309127
Train,299.49309163632097
Train,-290.8181210166367
Train,388.9468611338016
Train,-120.79528404464327
Train,54.76775882250331
Train,-490.0113110383645
Train,-597.8841406250503
Train,-568.0941345204665
Train,-341.153774005943
Train,1129.273459393662
Train,-213.64448683146202
Train,-607.4504425621235
Train,-303.9291158317801
Train,80.3877454099038
Train,204.68203167461252
Train,-399.43565935321385
Train,369.7273303962438
Train,735.2489667497175
Train,-370.62522102812
Train,-291.0925164729797
Train,-123.57690272995023
Train,-101.93799019886865
Train,439.1337778444522
Train,-167.16261992836735
Train,65.94166010711342
Train,-503.58770162042674
Train,441.271389421956
Train,-152.84802808818313
Train,-59.861320898504346
Train,435.7063803180499
Train,112.56738536210196
Train,-431.118814460322
Train,-228.32687958791757
Train,-235.32045937604198
Train,292.0623367535727
Train,-237.92260525657548
Train,-148.2187915830582
Train,1086.0949556857922
Train,123.45739527264595
Train,322.00225066847634
Train,181.21526452130456
Train,-194.16432231847466
Train,-139.7332852143645
Train,-36.536274325231716
Train,-404.882183645218
Train,871.4035581939752
Train,331.2385529926387
Train,539.834852601969
Train,-589.3202515313205
Train,-411.06499636518856
Train,-800.1758615778854
Train,18.92370328537072
Train,61.55885658285115
Train,-142.7973871931099
Train,-40.727333037659264
Train,401.3902566952638
Train,452.57240272006675
Train,526.9267032841199
Train,-189.41995268005485
Train,93.66507604983963
Train,233.80023571144193
Train,485.12470252536514
Train,179.53398098590696
Train,47.80887610211812
Train,-468.18961547843355
Train,-492.06717194136036
Train,-291.425973864752
Train,162.81404070976623
Train,252.04439782631107
Train,-387.78481714419104
Train,-521.5657608618785
Train,105.31175405806289
Train,-493.0977831436521
Train,138.3539141834881
Train,-275.96711425096873
Train,209.16668600967387
Train,448.90670673071145
Train,-496.4419526414931
Train,-509.43867774945284
Train,-200.51151553030104
Train,-125.11415855075848
Train,172.23061173441602
Train,-326.6715011876495
Train,48.95150106159417
Train,-256.0609711487268
Train,395.2843663818021
Train,-411.75731594368517
Train,506.428746425594
Train,35.061419843361364
Train,286.7274962446086
Train,-162.18824009367745
Train,-115.21419281716771
Train,-80.4017632426112
Train,350.4388882878702
Train,-114.51465265094885
Train,-567.0186390411582
Train,446.2136610564612
Train,92.82838482315947
Train,-297.7309953810727
Train,529.3715537284079
Train,668.6324356885307
Train,498.9750287338866
Train,-373.14936233267144
Train,616.184376753874
Train,90.15102816935178
Train,244.29168306541305
Train,47.28963872451823
Train,244.36779098755505
Train,454.08916446332114
Train,549.3792254114578
Train,127.09248760438277
Train,306.7773209781881
Train,278.2103284879322
Train,-130.35342499089165
Train,420.53782327900353
Train,-295.7239597105945
Train,-408.9868144829925
Train,423.66960222250054
Train,-79.383591320493
Train,-6.032704291994378
Train,456.0899638654955
Train,336.9997710426396
Train,573.0438922062385
Train,-309.8077097325586
Train,35.94964044374137
Train,-338.96726894916355
Train,138.3247494629959
Train,-234.34860452014482
Train,-557.6170625702325
Train,-161.72415406955406
Train,-435.25390806670475
Train,457.250548493088
Train,-212.29156988128216
Train,-765.4795681914693
Train,-211.13982137957646
Train,-541.072294403406
Train,453.5279581980594
Train,39.856629543934105
Train,33.34613722921131
Train,1169.366918432108
Train,-217.67607817191492
Train,-78.62660484116714
Train,-38.54215123909307
Train,-309.13719755992315
Train,654.8715295632173
Train,-663.179544682389
Train,-46.53149554235824
Train,-440.62394393756495
Train,257.4961762643834
Train,16.21055653217263
Train,8.14309064662666
Train,153.56597764149774
Train,416.1238525157896
Train,-286.5423328392153
Train,456.9846964359931
Train,-90.69900464899274
Train,-230.11737539996102
Train,364.1569953520702
Train,-911.5668787393988
Train,230.7498925674554
Train,-895.2455832241358
Train,197.59545556559897
Train,-455.65812085969264
Train,60.779403128268314
Train,-599.6765622858347
Train,177.17693808621698
Train,-461.0228576280606
Train,582.5292622693669
Train,-513.0477828880939
Train,15.413256512998487
Train,-520.0639879991377
Train,-192.9357355118882
Train,-113.77602847095295
Train,41.85999728331444
Train,82.16983898192757
Train,526.3132398132657
Train,-18.506276614407398
Train,333.5080705378732
Train,-542.8430403067177
Train,-503.6046416304471
Train,29.298376649589045
Train,-270.4036714537069
Train,6.714109818021825
Train,422.6234116711148
Train,-388.49556830093024
Train,-423.20371016312765
Train,-83.34421158803161
Train,-403.15235883040714
Train,449.08550649458084
Train,210.42751718617
Train,934.9109587406601
Train,-186.74780169956648
Train,-476.72191473222847
Train,-557.6049705996884
Train,159.25573584774247
Train,375.7563943785517
Train,-430.04301645782834
Train,-392.8536521699134
Train,-168.59337697196406
Train,27.206801218513647
Train,356.525880172233
Train,-211.73976495686657
Train,-190.803932857134
Train,504.41100710930186
Train,119.80848599808814
Train,-518.1175168449809
Train,223.20914856471973
Train,-322.62082526339145
Train,300.80662370821483
Train,185.19100203720518
Train,-308.2093836365475
Train,50.18981959821258
Train,-459.37139820743687
Train,372.50020803172447
Train,-343.93310441226095
Train,-308.25578713970754
Train,178.02679789427202
Train,31.32212741704552
Train,121.22366883073846
Train,-548.7236959964212
Train,80.80332066292976
Train,-345.29442286408266
Train,63.621658500032936
Train,-413.31099681670094
Train,-407.35746804460996
Train,480.90468612705354
Train,392.83003498823336
Train,-434.9551909515285
Train,-178.8722563666397
Train,416.1490324008628
Train,-512.9604615484823
Train,23.897202393891348
Train,314.96767379007906
Train,58.287263219430315
Train,-643.9931276270527
Train,-245.70664780214975
Train,386.64822306316455
Train,-351.2975080569613
Train,-61.30110820401387
Train,-339.1341444848904
Train,145.64868378024403
Train,-702.17036464181
Train,501.9397035912807
Train,86.86662815828458
Train,-181.75728031853032
Train,-347.9375608504797
Train,196.56650757754232
Train,109.4493447229097
Train,-186.72842742981175
Train,218.98641499858604
Train,409.4430817217326
Train,-361.36805399599507
Train,246.87652728252033
Train,218.64835823789326
Train,-365.90606803906076
Train,80.69884874105628
Train,476.9976852570544
Train,-410.7200459133983
Train,-217.39107588677507
Train,583.8426758275655
Train,9.746126729083244
Train,62.537742429980426
Train,238.95642801006397
Train,-570.494443392341
Train,113.8245853526023
Train,-158.69502627924703
Train,-544.44567220729
Train,151.4643083695446
Train,675.6999163152577
Train,-452.1282500063753
Train,253.04099535124988
Train,-58.760249045475575
Train,325.02023560770976
Train,59.90867903188973
Train,22.05730139525531
Train,-40.11229488639765
Train,125.49794042799476
Train,-528.5209674791695
Train,194.8545868647543
Train,-440.17165654557357
Train,26.2419720878097
Train,385.9215030242158
Train,-418.9736314481306
Train,-734.280732880412
Train,648.8867103337689
Train,-232.70216087395602
Train,108.82235519383903
Train,334.47886303772975
Train,-254.74248439164148
Train,95.0152865459795
Train,-285.18595842383365
Train,-494.68535160754254
Train,-660.965525993026
Train,346.9542255991055
Train,161.54474432831557
Train,-169.91182881043733
Train,576.754690806174
Train,-232.90141177261467
Train,-62.891980746841
Train,-114.988082785997
Train,-629.0282129009756
Train,172.67910325094545
Train,-501.44496670552417
Train,-210.0285176292091
Train,-64.51589440353291
Train,-177.94909580659078
Train,-459.2758381460553
Train,213.74333013386058
Train,-100.59845941227832
Train,433.4520162207227
Train,257.1513576752659
Train,-307.8312260898656
Train,127.33931202287204
Train,-364.9594825969871
Train,-172.42432086350436
Train,188.0746748180759
Train,411.6326744643775
Train,-35.596773026275514
Train,-1.934648376012774
Train,-379.78660756460886
Train,-91.6136033368175
Train,-571.2442148155678
Train,613.3792062698903
Train,386.71218174274327
Train,361.9889791860696
Train,251.1393480927909
Train,-220.48762058458306
Train,120.36760163753752
Train,496.6890743356762
Train,337.0250817629676
Train,80.36591283262169
Train,-199.48650299085057
Train,-241.0490019641975
Train,-301.20079724103016
Train,444.71743847532525
Train,-6.2346126059474045
Train,-391.225468560996
Train,111.20221803211825
Train,-67.30381087695059
Train,-89.11067372345497
Train,-81.58419151982889
Train,-265.27070102053676
Train,-391.7933545948308
Train,447.03869705140096
Train,255.36405464225027
Train,272.59580543163975
Train,374.76616957274473
Train,894.0832906741416
Train,258.7566623198363
Train,-24.992970042289016
Train,394.9922012951065
Train,-258.9700868391228
Train,407.64583150183444
Train,228.23500818251705
Train,438.07373735204055
Train,68.7570128710513
Train,292.6543679902352
Train,-318.73685746993215
Train,-77.89999139781094
Train,-234.37122818877833
Train,674.0067080980734
Train,-694.5948865944665
Train,-445.00265581359054
Train,-313.8992068872012
Train,199.25157162728738
Train,-591.0376020127374
Train,82.62262978138915
Train,364.87368605874144
Train,-247.28197769960207
Train,-599.3752123619934
Train,235.4941088339583
Train,269.0445931795657
Train,-704.757616671799
Train,70.58779482361206
Train,118.69440693745491
Train,-94.65776926565195
Train,-191.9147115795895
Train,10.52274932643195
Train,12.269095972652394
Train,198.07862373078206
Train,192.30252222603485
Train,134.17182880042492
Train,-262.06923871721665
Train,403.4094046188038
Train,-553.8559208319784
Train,-107.47209814305825
Train,-582.6359616890986
Train,-85.87644498936697
Train,454.44863733813327
Train,381.9930984708758
Train,207.59769007452815
Train,946.3381516686804
Train,964.6537465610563
Train,424.5118617752487
Train,-209.8597797141374
Train,-27.057914886941944
Train,49.385277188179316
Train,-222.16238417094428
Train,-55.610122423956454
Train,587.1957722284787
Train,-206.69868784820846
Train,-204.11128733727674
Train,-476.49686080487663
Train,334.936350494394
Train,-659.2254891856646
Train,-83.54174285483168
Train,389.41839131392226
Train,58.392257037336094
Train,-986.8030981410193
Train,-467.9739146681022
Train,-353.7661153806748
Train,95.4931150891116
Train,677.4961274956731
Train,281.4071710086646
Train,-157.25960056221084
Train,-82.63140850091622
Train,-132.49828445343883
Train,-141.22052707363036
Train,99.52453442216756
Train,432.85528553350105
Train,186.03342405511648
Train,-147.32561901454392
Train,302.41550997218656
Train,-210.56927520974932
Train,71.24859756227306
Train,445.89545478917717
Train,-375.33881567279604
Train,-623.3634956450987
Train,87.04157206429227
Train,649.4623664409701
Train,-412.87027594831306
Train,54.246797820062966
Train,433.58840059430986
Train,-62.31552556942461
Train,-63.19693184908829
Train,-112.09071813754053
Train,442.38507168425986
Train,83.36132458189786
Train,98.95594122236434
Train,97.21239943101682
Train,-349.1829876675474
Train,462.6286310731357
Train,-527.7648285067271
Train,297.32334289667324
Train,531.4909491563085
Train,246.70341765969715
Train,4.606913989400709
Train,895.9397264871986
Train,-369.1274940979665
Train,50.222080741737955
Train,238.57932427749256
Train,-425.50457911095873
Train,-488.5411511301245
Train,385.28707464116087
Train,459.6369130659832
Train,307.2807868176533
Train,115.13412766227066
Train,-480.9513251087774
Train,265.3702346111677
Train,68.9447658007175
Train,-182.4660949000645
Train,-258.7515539949127
Train,65.62977705880894
Train,142.33829048442567
Train,-701.8830931731136
Train,-282.3010219765092
Train,397.852736530087
Train,230.75177181600156
Train,-76.58263320174592
Train,232.19586301421077
Train,134.40954829674047
Train,-629.9282268022362
Train,207.2990027281121
Train,166.44178530887257
Train,-434.5880076159956
Train,-35.38145438792617
Train,220.29529371296667
Train,-398.0833816983795
Train,-305.3584868578355
Train,363.6423502895859
Train,45.31638041494807
Train,-326.39609459591793
Train,103.14834257918119
Train,136.54639264362322
Train,-269.6518756975511
Train,-1065.861826797125
Train,-189.9612127298933
Train,-220.28645890685948
Train,-280.33255846124666
Train,46.39971316420633
Train,189.77320333258103
Train,521.5358667491564
Train,-237.52989519201583
Train,-684.2983350671966
Train,-208.45597223967525
Train,-57.27897825195214
Train,-391.4046131714076
Train,-301.05044533340833
Train,492.6210603879672
Train,387.91772943413525
Train,-190.30674754550182
Train,134.2521381256529
Train,-238.1326964216869
Train,159.32925508989138
Train,292.5919476422023
Train,1099.5267020244028
Train,-254.94595500976175
Train,-148.1325578411288
Train,-346.85429947309785
Train,388.04759339960947
Train,-245.30955596073
Train,668.6411192698433
Train,517.0210372159836
Train,-252.36146339640618
Train,338.54593706245396
Train,675.4255197965576
Train,200.141873568984
Train,-257.86659831516954
Train,30.278852297841695
Train,39.11935599235221
Train,89.68031128157963
Train,407.07894621191554
Train,581.1661376228149
Train,-396.80649651964086
Train,-230.22585980735676
Train,-419.55393953934436
Train,483.2253313711626
Train,-52.760805034711666
Train,303.86331840039566
Train,-554.1126142796711
Train,-173.54380754998238
Train,-858.5060907479019
Train,-550.2512020942268
Train,69.12414225327029
Train,-627.3870338876113
Train,190.40494580508494
Train,-74.61868313741252
Train,-545.3987020637687
Train,-182.4883736855154
Train,357.5761681222648
Train,-132.1951627466824
Train,379.9144548705208
Train,107.37527007454901
Train,-679.7755770387848
Train,879.8999783396175
Train,-2.2768345453896472
Train,268.5833882015286
Train,-133.06074809229358
Train,-281.84352140828923
Train,202.50963378222514
Train,-315.3007507908951
Train,-221.96289986916872
Train,-433.7375813333347
Train,542.1438845774192
Train,201.66449379168625
Train,-141.80211239426444
Train,257.8657392983696
Train,497.2888281510186
Train,127.57346111235893
Train,522.0062338091575
Train,165.53573427410902
Train,41.91866870652302
Train,20.50890326595254
Train,-0.4624035941887996
Train,-895.4058322504025
Train,-30.617355793732713
Train,102.98523577935703
Train,-498.6988567647768
Train,295.2600193449871
Train,93.89761835110949
Train,30.760984952114086
Train,88.30726671072262
Train,84.64345947705078
Train,-271.80061178685537
Train,-790.846373055203
Train,-250.2150112037889
Train,-432.1253010201617
Train,-114.99445283591922
Train,-634.7075407021475
Train,18.776023046237242
Train,14.24189746956381
Train,214.3323919545437
Train,279.01697118839684
Train,-272.7950841089096
Train,-17.316145731632787
Train,271.8730637737499
Train,318.38439119124087
Train,281.1621832920209
Train,930.0206052537105
Train,262.35424485152544
Train,-61.615170467601274
Train,-37.94570721747368
Train,-1091.311014627423
Train,-469.1900484392718
Train,235.20927170895993
Train,37.849869011026385
Train,-85.13830041052461
Train,-96.6985811634604
Train,-302.78150465690123
Train,134.1434539043821
Train,632.6781055229912
Train,0.6017959949185752
Train,-70.44485800428447
Train,-67.25933305955641
Train,140.11121281509895
Train,560.0311069756935
Train,-150.88400569676742
Train,119.93061953793222
Train,96.62336340594993
Train,359.7664010440676
Train,285.0957331476793
Train,379.7661555585137
Train,-114.42539442699672
Train,451.1976209653694
Train,-90.94131910629585
Train,153.62422181936927
Train,131.14573195504636
Train,-63.531801081790036
Train,44.08937299102581
Train,-568.9281035099775
Train,243.22281539701362
Train,336.5855604017961
Train,-430.3748816860825
Train,-365.57387508921784
Train,-78.5437891073816
Train,-372.0426269359923
Train,447.4179788601614
Train,378.226657805988
Train,586.326484801426
Train,-770.8616558657668
Train,-561.0459771843962
Train,-17.071416824426706
Train,-235.3119194624378
Train,-150.8459575351062
Train,136.64235458949042
Train,57.701700992460246
Train,5.713422335817086
Train,1053.967106784894
Train,93.55481275254897
Train,447.875025274785
Train,191.95579363454453
Train,-340.71049369719185
Train,-312.2113250006514
Train,-309.64531800335317
Train,337.5431066153142
Train,819.8655475886571
Train,84.0768683357619
Train,-75.93827037150913
Train,411.84722552465155
Train,310.1195745172172
Train,602.0164156743704
Train,274.99632529149494
Train,-205.94560931168144
Train,245.11213671575206
Train,-7.405085390752902
Train,-422.7663584825086
Train,135.3302109855431
Train,100.09335616746375
Train,36.718281330111495
Train,-1049.651083010529
Train,387.67315409504954
Train,209.69497048294033
Train,-62.17383399772007
Train,120.71890812310448
Train,-511.07847048954136
Train,-102.62938303102237
Train,-324.99393919566864
Train,-411.3541978656431
Train,888.2446203894324
Train,-14.08222838085203
Train,-419.14675681472363
Train,1047.003555568579
Train,-533.4132621406407
Train,-10.557103055458356
Train,-336.2740515160922
Train,-134.90332562683352
Train,171.71579752880098
Train,659.1241422593048
Train,376.88159262330737
Train,-247.50677850788634
Train,-557.6448610998305
Train,-263.1048052903461
Train,238.8535283576084
Train,-245.34046543222848
Train,-578.5472736538177
Train,-7.335402143382453
Train,-82.83477036488694
Train,-224.0307389094096
Train,-556.3932561977745
Train,66.60581321727841
Train,-68.04303992361747
Train,386.12342848570916
Train,-42.574215144901245
Train,990.9369278044251
Train,-542.0463746998612
Train,-275.76264282053216
Train,481.1490592744576
Train,-436.04674443016484
Train,-434.3903585632106
Train,-325.74815528256295
Train,-14.494611227891255
Train,-543.9919960916923
Train,376.9368706698456
Train,-399.6996310144523
Train,-83.28184767417042
Train,398.8275625643291
Train,-96.16438432432915
Train,-362.5543406556517
Train,100.85467513732965
Train,-213.8460229693883
Train,297.5550052811159
Train,-140.0731702927951
Train,277.40252309941934
Train,-154.59169029773147
Train,-309.0023506585494
Train,-424.8467379441645
Train,-343.06899244028045
Train,515.1323974915103
Train,45.03905950466651
Train,-75.38830473018243
Train,-98.74498119422151
Train,-335.1903370481159
Train,80.7328099813567
Train,324.3593738064583
Train,361.14527281661503
Train,-95.58805269401591
Train,-36.80452269975103
Train,439.98456542364556
Train,113.18794750829511
Train,957.1548487074906
Train,322.2593837529712
Train,313.35304771059236
Train,-322.6137133672037
Train,-285.9896264777217
Train,382.9984076826586
Train,153.33861221029292
Train,-556.3314997005527
Train,324.72671647614516
Train,389.16974466884494
Train,426.1815575784285
Train,201.15200017144525
Train,-349.4324292591573
Train,4.190425529828644
Train,-49.3346011518388
Train,45.422738389363985
Train,-441.02751472759337
Train,-41.79630277037177
Train,462.2566454831176
Train,280.75972888688375
Train,498.99307821895127
Train,-466.45201554541563
Train,-639.6954905665989
Train,-109.93500983961349
Train,334.27520060669667
Train,84.1831498660431
Train,-336.65496547777184
Train,-552.2629690372532
Train,-588.3152210726439
Train,-310.0827391338171
Train,-165.9592146114046
Train,374.42624039449765
Train,-539.2884998918694
Train,481.7005540828832
Train,374.4580391680465
Train,845.9910403133072
Train,140.89721563579042
Train,220.11125476417692
Train,98.00104197681321
Train,-847.9500083770254
Train,-15.828683377338166
Train,116.77869979257957
Train,-39.29821611218176
Train,-85.54577934353983
Train,-209.1904337441465
Train,164.02341016333685
Train,-290.21182175919876
Train,-578.4715078162881
Train,-276.17358396478085
Train,-83.73162511487772
Train,256.64443038684476
Train,390.60790969007576
Train,634.0951569461868
Train,-154.14158857714983
Train,-119.80017739309551
Train,26.967833067950778
Train,-94.57606166222104
Train,-287.74501405098454
Train,-136.56297798722517
Train,245.11494226367358
Train,-220.06663590826156
Train,-293.8982172182732
Train,-659.7781820425625
Train,-192.90540877429885
Train,-301.13462873191384
Train,844.0555231271828
Train,347.6406786673542
Train,1.0884218720239005
Train,438.15527060724344
Train,-202.44860512105333
Train,-384.7950169770302
Train,550.8774105219163
Train,-210.85435444445466
Train,201.00717512539813
Train,339.1113064167548
Train,-183.84160396779043
Train,-164.84970330727083
Train,-262.4856555439874
Train,-280.41570586852686
Train,1117.9816499517146
Train,-312.9291052354165
Train,-58.67844320600307
Train,933.1662268847995
Train,-147.53019908742226
Train,-87.34223974083943
Train,-281.42315852363754
Train,398.5499544805825
Train,61.783329353977024
Train,163.3666736440391
Train,120.1907997586095
Train,296.2652011354039
Train,-11.798008756390118
Train,-236.75279984118606
Train,-359.49302053684005
Train,-524.5483355170381
Train,-41.6447252775024
Train,-297.36120478853263
Train,570.6100174840067
Train,-37.2028978185881
Train,-27.031737178357616
Train,349.78451349613533
Train,-479.3609399226025
Train,-718.2476673279525
Train,-123.36326058182203
Train,-320.29327378446396
Train,444.1420185364241
Train,205.62693546928858
Train,149.57567690828364
Train,476.4221645391044
Train,-230.48924306883237
Train,-19.75729685191982
Train,221.33695008783252
Train,456.4690602814685
Train,73.97949786069148
Train,-201.09083510965138
Train,9.451826431104564
Train,-298.0736588403961
Train,267.747882172358
Train,-421.0665584834751
Train,-154.97486756540457
Train,-12.659180761108473
Train,534.4344344949786
Train,132.46108614606874
Train,-482.35334383392455
Train,-461.3055119072633
Train,214.8039263875362
Train,232.07858986816063
Train,-730.0945490221202
Train,916.9854025152981
Train,536.8507678155493
Train,-76.33120348572993
Train,-82.42152679812352
Train,-380.18182868423537
Train,-7.513741495959039
Train,-594.673622060991
Train,-380.6500017531416
Train,341.08731402408375
Train,-96.95856612829539
Train,-202.14269501054332
Train,422.7442468985573
Train,-417.7972467821819
Train,-108.19510681641077
Train,-719.5422514355632
Train,491.5352325176609
Train,-439.85349221620163
Train,467.21537937947505
Train,-107.25153472124657
Train,-110.91758312996535
Train,259.6175916098873
Train,-56.68362736739073
Train,-79.16163877945473
Train,-215.96343227086527
Train,-75.10020327998154
Train,594.5596094097018
Train,257.2330930596909
Train,-172.84363078978276
Train,-296.1453121660561
Train,369.8791306031835
Train,-570.6293229764005
Train,-78.98432306120594
Train,80.09625084794197
Train,-354.64573042101074
Train,317.3228471426628
Train,444.70610472688713
Train,-541.1986390208476
Train,-81.48528655451082
Train,-412.20290821030767
Train,-91.21564340506302
Train,365.84588280499884
Train,46.06908083826784
Train,235.22499584578327
Train,-567.1148661003645
Train,12.456159238499822
Train,-389.4800222253907
Train,84.97668022760627
Train,-438.9319301033647
Train,39.551713985168135
Train,116.74067160816048
Train,-52.86705398390586
Train,-206.30036040277628
Train,-49.22899716982283
Train,227.06635266781996
Train,-361.93836384475617
Train,-169.56486123753712
Train,-29.09882487883442
Train,107.1580983693857
Train,-415.147717022357
Train,-186.32346459481414
Train,189.23868058305015
Train,160.6783402638066
Train,-81.09056656705525
Train,-240.1875894592995
Train,307.3561869082623
Train,-144.53203106368164
Train,-138.26896945337285
Train,842.4667963949141
Train,-305.3778062948786
Train,-105.8031087674035
Train,-28.366802903190546
Train,250.81024836934375
Train,164.94749897030306
Train,-23.03925818530115
Train,489.92430200921626
Train,-97.46807488342893
Train,192.81783863551618
Train,350.3977951061188
Train,-457.50145453542063
Train,-312.15076031974604
Train,109.6158235417306
Train,433.4760138656493
Train,276.2716159458578
Train,-555.3084781679936
Train,-425.6577046317543
Train,-467.6480327565914
Train,102.65984861909237
Train,124.06540449909517
Train,-224.01883434554657
Train,120.92489159793513
Train,1147.1733577939958
Train,-41.77678815174295
Train,427.8687212549812
Train,326.5605101023557
Train,-228.35952527542395
Train,19.026704177649663
Train,-31.688288868692325
Train,-171.38842732326157
Train,54.03415307708883
Train,11.363396264880066
Train,-433.3310622494464
Train,404.76897041191114
Train,403.6995337068165
Train,-566.8537715299499
Train,170.69541229404786
Train,-315.2608903973223
Train,-175.34939231573662
Train,-458.3465979081084
Train,186.7499762894622
Train,-144.25805134874827
Train,-58.382894575523096
Train,-587.9311548309379
Train,416.99696767369824
Train,-44.44124824406299
Train,117.19439119488197
Train,228.01664782860462
Train,-202.6100798639236
Train,214.32396283184426
Train,-113.51520396337219
Train,330.1861053475204
Train,24.252207261721196
Train,86.89490515468788
Train,225.60982475909623
Train,-217.3259214867885
Train,-62.53296478645643
Train,-95.80494033747073
Train,659.4275170655128
Train,363.2075933280321
Train,-589.0437554884875
Train,-655.5014670771016
Train,905.6632418715853
Train,-302.8678878905848
Train,42.377119766655596
Train,114.7630322882751
Train,382.5546215458162
Train,959.8241306457821
Train,-563.642303268196
Train,-119.23329720247602
Train,349.31908120109074
Train,-222.22899740436378
Train,-24.555104733420194
Train,756.7451098229903
Train,80.43205523208417
Train,-611.6628941819508
Train,377.3724367558025
Train,484.610018977437
Train,-365.68874262371355
Train,-192.42217481890475
Train,-625.5906241109915
Train,418.44158745812456
Train,-107.34203372403135
Train,411.08512697370315
Train,1076.6717674571373
Train,-540.353386623512
Train,-476.7166749688149
Train,-23.376911695700983
Train,-256.27015024886714
Train,-11.338137533990448
Train,-345.1256176141924
Train,249.8135920988061
Train,-67.05366111717012
Train,-279.55109255335447
Train,-141.68359650701314
Train,-85.62544206634448
Train,30.713330134462012
Train,-156.4442920213478
Train,-439.32715761098007
Train,-444.5124375290343
Train,-575.7068752784799
Train,-371.97730567945655
Train,31.716538172826404
Train,257.67549790766134
Train,-457.65518838665866
Train,67.78015226300704
Train,-707.0861949240025
Train,-148.89296123291933
Train,24.94259763637092
Train,-99.2393362051962
Train,918.8181283822232
Train,234.08597684311735
Train,8.179331464914867
Train,552.1772149234421
Train,-95.39205499371019
Train,642.1140238232201
Train,131.56502338646806
Train,-30.213723318644043
Train,-110.39296631580874
Train,-319.02698212789255
Train,761.1719799556195
Train,-352.63425820213706
Train,157.32486267810964
Train,-330.09855512307786
Train,112.90259900920682
Test,412.34442051965016
Test,-269.48190084867747
Test,-665.7537463872395
Test,-298.52183166507893
Test,479.1000701564626
Test,-103.71023528293517
Test,105.90844725250918
Test,63.66277605258438
Test,25.262157051492977
Test,874.8697671542068
Test,-447.5098317512002
Test,-279.7317309113605
Test,-401.71802307074904
Test,365.3317647674594
Test,-537.2446309582374
Test,303.3563199205237
Test,-473.9664931897705
Test,-206.14074372927826
Test,360.34726452149334
Test,417.02559793611726
Test,28.201617197615633
Test,63.70064852023279
Test,-141.11021391323993
Test,606.0062379090487
Test,-808.3337225585383
Test,711.2899019069955
Test,-78.44693021702551
Test,92.1740841151186
Test,110.10759988103382
Test,-501.57273039665233
Test,-142.18839468290753
Test,-90.33877514451524
Test,-88.98905822546658
Test,-479.35404074058533
Test,307.0644029553732
Test,687.354499759158
Test,326.0232155421654
Test,243.95454874164716
Test,271.2898491024516
Test,107.98735775157729
Test,-116.1780766162592
Test,526.2214414994451
Test,-582.9862410851201
Test,-544.6668382436146
Test,-467.7721708415411
Test,256.73439225258153
Test,-50.56858944112355
Test,233.9832186098447
Test,355.62343295330356
Test,-165.1486579075472
Test,-269.9071581941171
Test,52.682924741377064
Test,-260.07960406387974
Test,428.1126873670328
Test,-833.469078180322
Test,351.4182179672134
Test,-351.1096003534931
Test,20.68314698775066
Test,-400.9633379092156
Test,157.71696795514163
Test,-449.05834922905706
Test,441.9039021058088
Test,388.74593724194347
Test,-686.4257034394832
Test,448.9976690307085
Test,341.02454713532643
Test,-476.651000429345
Test,724.7819075299449
Test,-758.1068528405813
Test,-546.5473388487153
Test,-270.3716955435302
Test,304.23396111547027
Test,-282.329805476139
Test,325.4505563029961
Test,219.0347895701093
Test,-170.2007864927691
Test,-57.28752299815824
Test,202.65051384428807
Test,94.50615925914099
Test,-106.02246848141658
Test,282.46300420715306
Test,-176.64944323334203
Test,-207.07335712135864
Test,254.80225567742673
Test,-91.43325179014573
Test,576.765577852073
Test,-447.4638805119903
Test,429.5137018090536
Test,408.2105917190702
Test,87.42956459817287
Test,-592.1007042977326
Test,309.7472197326133
Test,335.5098200031316
Test,352.6159492634051
Test,279.39686049944385
Test,52.086757660388685
Test,-312.4489319934237
Test,379.93858394025665
Test,-934.0200922079857
Test,-60.35145519006073
Test,202.95964319526138
Test,-284.9687100044248
Test,-555.3107547171421
Test,324.94246913211646
Test,-42.2614328159907
Test,65.07636993669621
Test,-237.7227736584009
Test,133.98399462503767
Test,373.1812104212404
Test,-352.43583608452536
Test,-115.8915188257397
Test,136.5323887271643
Test,-451.3397748899406
Test,-111.362130616164
Test,56.80571091371894
Test,-298.52121653303493
Test,457.7330569773876
Test,-110.29481983970254
Test,84.65131418020974
Test,-186.38039539904275
Test,61.10555651443792
Test,546.7517734774483
Test,-72.11620284713717
Test,193.84200694099854
Test,327.57335542435703
Test,-307.3580492755027
Test,-361.95575043855206
Test,480.97476696449166
Test,719.3352805937975
Test,137.16801050509093
Test,738.744486250569
Test,-187.9769886063914
Test,303.94134365554055
Test,-43.90001906639736
Test,-268.7625745742007
Test,-608.0333548107228
Test,519.4887644204919
Test,260.2141095059096
Test,-445.64439621767815
Test,-242.69744406029804
Test,-37.9834570821331
Test,-552.5925948029908
Test,-405.38896583855603
Test,460.3793514537192
Test,-354.7958088100386
Test,304.87045253859105
Test,-318.9552541984376
Test,243.30094601743622
Test,156.7668896200944
Test,285.08649991461243
Test,137.0370992621647
Test,-143.59780590090122
Test,-441.77179274167975
Test,427.1367078077983
Test,-396.7252847453419
Test,-553.9196982643443
Test,-769.6341542911723
Test,382.30254444825005
Test,-70.4649574391733
Test,-99.333431535626
Test,-331.8820220652269
Test,-447.21807391108086
Test,157.15877142029603
Test,710.4211283755994
Test,170.7504658070693
Test,162.586263071782
Test,-68.87989399440903
Test,-427.92340974287436
Test,-230.96130998425087
Test,-512.4375326401314
Test,-835.0961976580948
Test,220.73108057889658
Test,129.45317224258542
Test,-383.6942124386251
Test,-554.7759417121242
Test,-213.64146757405615
Test,-385.96376914473876
Test,-427.1644230610473
Test,-449.6315341857626
Test,236.02333819159048
Test,268.0018518096949
Test,-117.94242726653101
Test,115.60498103124701
Test,-360.22152738382283
Test,-62.52250175495283
Test,106.34057481792115
Test,589.7100448837555
Test,594.8726586975899
Test,-188.35069222707352
Test,-182.29736166128896
Test,218.2549819131018
Test,-250.22457971587028
Test,-59.998719087456266
Test,-258.0341193017566
Test,742.6663964016952
Test,-40.892188293119034
Test,557.4590587800085
Test,-99.2310359604453
Test,705.1809694467738
Test,-116.13063600451642
Test,123.16708592979194
Test,1238.3099831978107
Test,-94.89794486724713
Test,251.95492659262345
Test,368.4222950024596
Test,410.8950910069234
Test,-347.57501367964323
Test,-168.10820425158818
Test,211.0439228273608
Test,-560.6390478758949
Test,397.41614166667296
Test,178.22119252436823
Test,-273.97769784787124
Test,239.35231670105622
Test,-581.0032216182553
Test,23.79666742475456
Test,289.6167322586507
Test,-280.24761337249583
Test,-292.29483513093874
Test,-91.9017582281167
Test,584.8082413223092
Test,590.5996168773381
Test,257.5546537566079
Test,164.29169453696522
Test,-316.30818440928306
Test,247.4194793681927
Test,-758.8636965708283
Test,-12.109630175797065
Test,630.8136358128104
Test,-179.8990983845615
Test,-208.61518424771202
Test,591.732582498913
Test,512.524255482831
Test,520.8638756192086
Test,418.39052553894726
Test,-132.11712225628435
Test,-329.8083256921436
Test,436.0047384166537
Test,461.1358320350446
Test,-44.575704778506406
Test,-377.11355511663896
Test,208.38409806757863
Test,-403.4861382456984
Test,204.80529086436218
Test,-373.8334921081205
Test,142.32464826943033
Test,-232.566445090255
Test,-201.7443726909587
Test,-276.0673883326763
Test,-573.5062981165065
Test,-321.5755378968752
Test,51.57331033579885
Test,449.0037326043457
Test,464.71011217174237
Test,415.71186734408184
Test,138.54124833737296
Test,-824.0345236369758
Test,845.0615266324239
Test,416.02427769701353
Test,529.9851974169724
Test,284.96740722557297
Test,-61.19305529359099
Test,-172.52631500362986
Test,386.747059616795
Test,94.41543593642564
Test,218.47277919301814
Test,191.11927000612013
Test,-159.81344372303647
Test,-447.3300358124434
Test,-368.3626873996327
Test,-409.2511622171187
Test,520.7379968005716
Test,-128.2529724297474
Test,47.6205289635609
Test,247.30703584575167
Test,-49.242204944119294
Test,166.3932032917246
Test,-169.24959762190701
Test,382.35606822554473
Test,316.47320711020257
Test,170.86759441461618
Test,-174.23032224502094
Test,-16.43110115672971
Test,-281.1734617635939
Test,-99.82214656192446
Test,-496.5277129486858
Test,387.89915755748007
Test,477.20840779759965
Test,22.00703717347369
Test,-273.9360538135734
Test,-65.06091945543767
Test,562.9239764680369
Test,-10.04443401394019
Test,-58.422318580294814
Test,446.70998574749774
Test,-462.7259566604225
Test,133.96573086373246
Test,635.7518846096245
Test,269.6078436578355
Test,-289.5552313227654
Test,189.53242597810367
Test,177.3638052479737
Test,-209.38225378553307
Test,125.97701498502465
Test,-655.7782645417774
Test,-72.734332183285
Test,-120.12180809375423
Test,78.77331061958103
Test,244.88085954747112
Test,159.65785759270784
Test,342.968197060065
Test,460.01022028768057
Test,585.9508436208489
Test,299.65273408563735
Test,363.1001718413063
Test,-956.8194962835078
Test,-25.86865383244003
Test,-196.73232281235687
Test,83.19394598700273
Test,-66.00448337069247
Test,32.96174456337576
Test,495.4686905798462
Test,-200.86342850743313
Test,-133.01959741229803
Test,-331.6803141820292
Test,770.7223112121865
Test,-500.6199282164421
Test,470.4358822246513
Test,-649.9626539199453
Test,124.627118449911
Test,-850.6962221047215
Test,-266.72373661318125
Test,-42.64929149535237
Test,-39.26717423120863
Test,372.3694964028891
Test,-14.84702891477582
Test,-473.6823404001625
Test,889.4998392369453
Test,525.8679794308446
Test,-10.280033059985726
Test,-74.40349155644071
Test,417.2602150657167
Test,112.56439924121878
Test,445.0815861813171
Test,-153.62601878606074
Test,-618.3309291448568
Test,-22.956060212656666
Test,117.77291660441188
Test,-457.4629341994678
Test,-655.8939430186037
Test,629.0598766840703
Test,442.01925005895646
Test,-513.6264305815694
Test,-543.2159205235876
Test,-231.5569442098622
Test,30.49698298200019
Test,-534.5737404047668
Test,285.46785655908207
Test,-249.65955114969984
Test,305.15165192356926
Test,-102.06753550714711
Test,-389.7855362963128
Test,110.69194142544802
Test,-415.3209939678636
Test,-84.36551012870405
Test,-92.39510934448845
Test,680.1745082638918
Test,186.24381321431065
Test,-164.64790457453182
Test,133.63952612437424
Test,-94.62672238985579
Test,-580.2575006172465
Test,89.24413695329258
Test,80.79023511460491
Test,445.1552202857242
Test,-558.1208892128725
Test,-161.6621532810259
Test,-170.38552131926917
Test,175.4428881760432
Test,91.8040889684853
Test,404.057589161398
Test,158.65635543528788
Test,-65.39160360440292
Test,390.7545345820763
Test,-458.89433147368254
Test,477.27219526720546
Test,508.59435448270506
Test,-55.93789658546484
Test,117.27993254325702
Test,167.3012241800743
Test,736.7856676328956
Test,-369.21389094323604
Test,-144.15901475819464
Test,-402.82916349133484
Test,416.0969715132733
Test,1069.8735981572536
Test,-651.441723643471
Test,33.40993785672981
Test,-103.61927651583756
Test,130.73183258426707
Test,957.6216346073888
Test,111.28741555229499
Test,37.36322435994225
Test,135.06553791033002
Test,-99.51771435786577
Test,323.2775128188623
Test,167.2591881502267
Test,-175.75663818707835
Test,-566.9911660782554
Test,-404.9906676008395
Test,35.54991040359346
Test,-1193.245430806841
Test,490.9417948386872
Test,72.51453682068586
Test,-285.8029264243405
Test,-204.30790212638567
Test,711.940639985376
Test,364.2138540096057
Test,228.7150953312248
Test,-162.53958637116102
Test,166.55293736787644
Test,344.3749642578405
Test,245.96457099227246
Test,39.09107883915203
Test,-533.0301327152592
Test,-184.92275176252497
Test,208.06492344563594
Test,366.14255298841454
Test,89.33207027094068
Test,-529.2432950513298
Test,240.8871386878791
Test,545.5903197946327
Test,235.1088108964359
Test,152.65818297861188
Test,588.84697552332
Test,-8.058044575765962
Test,559.0347339271066
Test,-848.0798190999922
Test,-216.89979713278444
Test,-447.3222498123905
Test,840.6340653322368
Test,-301.5289167504634
Test,410.9014814895472
Test,865.4411778823269
Test,135.98959715187266
Test,610.5453299110559
Test,36.882721027737716
Test,321.5445507976392
Test,968.898048383151
Test,436.5138893169715
Test,-177.65230094994877
Test,-95.69440063821457
Test,330.2598649781994
Test,446.40518527245877
Test,119.93369296272067
Test,-74.89749802772349
Test,-304.2292339067053
Test,-429.1440074662032
Test,-541.2304248492801
Test,-1.7798098076054885
Test,456.1239616770963
Test,471.53826673551157
Test,570.3700012017543
Test,-419.0052729304407
Test,-269.0775641733853
Test,35.53402950925374
Test,512.3028460692931
Test,181.23934992750583
Test,63.90186579615511
Test,164.8393659350695
Test,-394.78158567875107
Test,-391.00157762825256
Test,-299.6444485065931
Test,338.71119330712645
Test,-33.288491907725984
Test,344.9468701367332
Test,50.55558052010747
Test,550.5693943699844
Test,-127.36204605661169
Test,-295.15716319446074
Test,393.5417069088635
Test,-404.8129759743206
Test,605.4212914827476
Test,-81.65913365429697
Test,595.1808730848315
Test,303.6421612414997
Test,-528.168562065528
Test,-250.42529257781916
Test,-488.9712117883573
Test,145.93831687320926
Test,72.91963427087649
Test,438.9543659953815
Test,-262.49719808223017
Test,36.47032958779164
Test,-158.55070376477943
Test,298.36107595102294
Test,400.42382693772197
Test,-397.20346183929723
Test,505.9692002459378
Test,-348.43631421573264
Test,122.14784340280676
Test,299.79603769344067
Test,98.96624753232663
Test,-228.41984692248298
Test,-495.95573732902267
Test,73.18762572837295
Test,-179.29033867191356
Test,-342.8371636842239
Test,-933.0022187747891
Test,-111.46342127414391
Test,339.2798118691353
Test,-304.44885157193494
Test,134.77883806914906
Test,14.04120425646397
Test,230.74367929322034
Test,-726.9012502855403
Test,-279.8948626462552
Test,-138.11140178640107
Test,-77.58806257879678
Test,77.92523024615821
Test,35.19945433979956
Test,479.1384551188821
Test,718.2779682020009
Test,-293.4009416535555
Test,-203.2564916241172
Test,-273.8687911932211
Test,-129.0733795780343
Test,656.3236228254045
